{
  "accuracy": 0.9047619047619048,
  "precision": 0.8333333333333334,
  "recall": 1.0,
  "f1_score": 0.9090909090909091,
  "roc_auc": 0.9454545454545454,
  "train_size": 60,
  "test_size": 21,
  "confusion_matrix": [
    [
      9,
      2
    ],
    [
      0,
      10
    ]
  ],
  "class_report": {
    "0": {
      "precision": 1.0,
      "recall": 0.8181818181818182,
      "f1-score": 0.9,
      "support": 11.0
    },
    "1": {
      "precision": 0.8333333333333334,
      "recall": 1.0,
      "f1-score": 0.9090909090909091,
      "support": 10.0
    },
    "accuracy": 0.9047619047619048,
    "macro avg": {
      "precision": 0.9166666666666667,
      "recall": 0.9090909090909092,
      "f1-score": 0.9045454545454545,
      "support": 21.0
    },
    "weighted avg": {
      "precision": 0.9206349206349207,
      "recall": 0.9047619047619048,
      "f1-score": 0.9043290043290044,
      "support": 21.0
    }
  }
}